{"0": [-0.007924657431763309, 0.1294757832563897, 0.2741256403709175], "1": [0.016005832820011667, -0.029368073178536402, 0.2325504455592834], "2": [-0.07716453679585127, 0.08171999753907024, 0.29384903779903143], "3": [0.07195842198446309, 0.08845976037043554, 0.14763475693821093], "4": [-0.01202789963691436, 0.032703934841444654, 0.3114315492282802], "5": [0.00686161079924643, 0.14153129532878572, 0.20117225622382262], "6": [0.08159510280748142, 0.040291920333453454, 0.2608567439977317], "7": [-0.10135881671431658, 0.11700062279260728, 0.2131030057934546], "8": [0.06181645565365445, -0.004459089465079363, 0.1762592629084231], "9": [-0.07288722258543762, -0.011586441355159446, 0.24832280349782673], "10": [-0.08085650304897367, 0.12734549516405447, 0.1771992462901443], "11": [-0.0640126645109949, -0.019809037082214834, 0.2157013375679416], "12": [0.073292924337274, 0.11082008813669394, 0.21841940812097316], "13": [0.032225027369316574, 0.09322690060549799, 0.3024390380577762], "14": [-0.08112032879844985, 0.02634923465185457, 0.28674243228293705], "15": [-0.03516056916632772, 0.12220871684710873, 0.28042129209732863], "16": [-0.12550372121549838, 0.04425675506954285, 0.2312238192176627], "17": [0.005876169991550795, 0.12904045597699365, 0.14097576943620105], "18": [-0.07027752287277347, -0.01978184302984662, 0.14693405339035784], "19": [0.045579010946629556, -0.010466902584893592, 0.26397504049129455], "20": [-0.00950487603781476, 0.004100502369317582, 0.29939654627554774], "21": [0.08860238795649888, 0.023951119982371927, 0.21162292498961338], "22": [-0.00815356105071991, -0.018677249656529143, 0.2706543071506084], "23": [-0.014757298574282405, 0.10682558169681387, 0.2970474314512337], "24": [-0.029253069850290178, 0.13913470075359127, 0.24879499242298797], "25": [-0.1062607414138165, 0.05858243147921751, 0.2770381478337587], "26": [0.01590813918846338, -0.012276605537677843, 0.13362986936039825], "27": [-0.03197492985797572, 0.14246342836714332, 0.18091438213279243], "28": [-0.026952477206272855, -0.029718422209214654, 0.22150084645942736], "29": [-0.10844436874025139, 0.09649366747644866, 0.2530580434063016], "30": [0.06047582125232404, 0.09697984162139135, 0.2759162078627452], "31": [0.037761014024489864, 0.04208177557827496, 0.3037212386046772], "32": [0.053808607216858526, -0.01690951064329975, 0.2044598391483196], "33": [-0.05925489488184194, 0.11048921839932893, 0.2811448977520514], "34": [-0.057273976654476644, 0.1330702245462162, 0.1445269510829056], "35": [-0.03989150864062966, 0.05339554891871519, 0.3117795246924401], "36": [0.05263369408907828, 0.11785535948616063, 0.159839441349092], "37": [0.016743383668604693, 0.13605915718732403, 0.26050733648871055], "38": [0.0875718567955669, 0.0667334435848704, 0.24432790069066576], "39": [0.06071972628796667, 0.11404042703521429, 0.2595720060525762], "40": [0.06164942666396032, 0.07442911928966767, 0.12058246753942065], "41": [0.04708043907159043, 0.01366402575097702, 0.28933655434199657], "42": [0.0779684069439358, 0.09895318404712843, 0.18190675851210678], "43": [-0.02986632189520297, -0.004222748361774456, 0.2836133893133329], "44": [0.06424974879585621, -0.007451707750536787, 0.23660862269072402], "45": [-0.004112549512654589, 0.1426569583651746, 0.23528736335179434], "46": [0.03991328446807478, -0.014633157648947154, 0.15821162709972098], "47": [0.06446070671512025, 0.008220475878022847, 0.15099931674350167], "48": [-0.08422726505535527, 0.055349960852606336, 0.29498299896993585], "49": [-0.06965858663284447, -0.021692660714902917, 0.18440309673532676], "50": [-0.049283748141614965, 0.13820373505948047, 0.22494354404431338], "51": [0.05479739638993484, 0.07030685816610346, 0.2999438260015476], "52": [-0.0070786988291288745, 0.06325009047888322, 0.316435564051293], "53": [0.023036300892335597, 0.13947214322378387, 0.22744133950120654], "54": [-0.05560480336385179, 0.012278569371371624, 0.2900563565935776], "55": [-0.03167953289466839, -0.024786860290878232, 0.25272593517523534], "56": [0.08890212377725432, 0.0852928183997628, 0.21534020671081017], "57": [0.039063994396649974, 0.11877972631870523, 0.27469631517227944], "58": [-0.05289865200146815, -0.012714439347450104, 0.2661884473808407], "59": [-0.04480533535075186, 0.09742687284097866, 0.29853171960481656], "60": [-0.07768953500732474, 0.12776149741436138, 0.23709498369022738], "61": [-0.05526168197526515, 0.12911869738834797, 0.26040920031651255], "62": [0.028497416677580975, 0.1173644012226439, 0.13380115165785633], "63": [-0.017830023150657265, 0.14284316766254268, 0.21034842096324563], "64": [0.06037618102324075, 0.04141766477372758, 0.2893047421798961], "65": [-0.08948765222755772, 0.09593005556844372, 0.2752134089715238], "66": [0.019609278057028598, -0.0036241049042727708, 0.2915670561725352], "67": [0.029990485387829287, -0.02677951540812311, 0.2129996858589083], "68": [0.01207195862428796, 0.116040904603576, 0.28834804280545123], "69": [0.08023932501038167, 0.015241699945169426, 0.2384147240446237], "70": [0.07856244055679894, 0.06375074999040038, 0.14879338309019333], "71": [-0.0013974914550901312, -0.033138172395917306, 0.21491109597138336], "72": [-0.07245239981698195, 0.004919015426734612, 0.27264120778269296], "73": [0.07491625047725282, 0.0699729319510908, 0.2707311187471219], "74": [0.016526264072403755, 0.020089794177644227, 0.306010039935995], "75": [0.024016016794333753, 0.06954342256360659, 0.31241480370146235], "76": [0.020007195373851074, -0.022722412329355762, 0.2589152448689683], "77": [0.08820025154130273, 0.07137251732521094, 0.17928994269535764], "78": [-0.0824978732580754, 0.10989303983576118, 0.2682305753403752], "79": [-0.1188269429531614, 0.06324361393677179, 0.2558620402096794], "80": [-0.12207560957040917, 0.08498972627998236, 0.23206828259240564], "81": [0.05305254102309345, 0.12818339142308732, 0.2243325911654079], "82": [-0.10192524571013313, 0.03461830260285348, 0.272399741176632], "83": [-0.05211736948380598, 0.13738134291431248, 0.1894778806362011], "84": [-0.03431255590250351, 0.021958618890343104, 0.3023954522859489], "85": [0.06099117014856829, 0.12216073092280702, 0.18993129650384397], "86": [-0.0612386178632169, 0.03924728927647701, 0.3021404093775154], "87": [0.03447163400928433, 0.1351621527719677, 0.1925873400637876], "88": [-0.05107405294567645, -0.023719309312482395, 0.23108068642168383], "89": [0.06814318660197063, 0.011202820989553865, 0.26464732677128], "90": [0.07527811850258186, 0.001488969562347467, 0.2152313574314323], "91": [0.015505705207033203, -0.03242308063648704, 0.18070483396555972], "92": [0.09380374690723473, 0.05704481865914478, 0.21464869793624367], "93": [-0.00414393887371576, -0.030026185583205856, 0.24277088035099978], "94": [-0.05973786269968908, 0.06917210276303244, 0.3060538555976661], "95": [0.03928467998466355, -0.02010118830995418, 0.1789372680959177], "96": [0.0031327984660660183, 0.09366566445208918, 0.31244783560469114], "97": [-0.006652538353907535, -0.012559726914647157, 0.2779680207711226], "98": [0.06201256284877201, 0.11786663452675064, 0.25046681415416483], "99": [0.04195406059043944, -0.021464369073171813, 0.23535387227403975], "100": [-0.0362679677521345, -0.02804937057771824, 0.19700488645252298], "101": [-0.049314184775011614, -0.027623811316633162, 0.1753110065034026], "102": [-0.02372380972527282, 0.08260919043777624, 0.30882631129279914], "103": [0.01299280244547999, 0.04514668833289725, 0.3127886679021462], "104": [-0.024822449421770504, 0.1384759973525271, 0.15168573357345372], "105": [-0.09407266151121846, 0.009991307523983875, 0.26272666749146306], "106": [0.07524382202861832, 0.03316725275110029, 0.14951228544367604], "107": [0.05844188218973052, 0.11419120479188404, 0.16403179817548863], "108": [0.09010569095605113, 0.040754146377651956, 0.2351169988907956], "109": [0.04252447311277779, 0.0961545518198611, 0.11059245364680556], "110": [0.08652208956538096, 0.03968959264986244, 0.17867507396475923],